http://hamiltoncomputerclub.org.nz/pc-world-magazine/,http://hamiltoncomputerclub.org.nz/posts/pc-world-magazine.html
http://hamiltoncomputerclub.org.nz/?p=576,http://hamiltoncomputerclub.org.nz/posts/576.html
http://hamiltoncomputerclub.org.nz/tag/website,/categories/website.html
http://hamiltoncomputerclub.org.nz/potential-nsa-involvement-in-a-nist-rng-standard/,http://hamiltoncomputerclub.org.nz/posts/potential-nsa-involvement-in-a-nist-rng-standard.html
http://hamiltoncomputerclub.org.nz/tag/tidbits,/categories/tidbits.html
http://hamiltoncomputerclub.org.nz/tag/notices,/categories/notices.html
http://hamiltoncomputerclub.org.nz/tag/quote,/categories/quote.html
http://hamiltoncomputerclub.org.nz/windows-rip-xp-long-live-8-1/,http://hamiltoncomputerclub.org.nz/posts/windows-rip-xp-long-live-8-1.html
http://hamiltoncomputerclub.org.nz/?p=452,http://hamiltoncomputerclub.org.nz/posts/452.html
http://hamiltoncomputerclub.org.nz/tag/code,/categories/code.html
http://hamiltoncomputerclub.org.nz/tag/it,/categories/it.html
http://hamiltoncomputerclub.org.nz/tag/software,/categories/software.html
http://hamiltoncomputerclub.org.nz/python/,http://hamiltoncomputerclub.org.nz/posts/python.html
http://hamiltoncomputerclub.org.nz/350/,http://hamiltoncomputerclub.org.nz/posts/350.html
http://hamiltoncomputerclub.org.nz/tag/link-dump,/categories/link-dump.html
http://hamiltoncomputerclub.org.nz/security-and-privacy/,http://hamiltoncomputerclub.org.nz/posts/security-and-privacy.html
http://hamiltoncomputerclub.org.nz/?p=409,http://hamiltoncomputerclub.org.nz/posts/409.html
http://hamiltoncomputerclub.org.nz/tag/teach,/categories/teach.html
http://hamiltoncomputerclub.org.nz/201310/,http://hamiltoncomputerclub.org.nz/posts/201310.html
http://hamiltoncomputerclub.org.nz/first-article/,http://hamiltoncomputerclub.org.nz/posts/first-article.html
http://hamiltoncomputerclub.org.nz/tag/hardware,/categories/hardware.html
http://hamiltoncomputerclub.org.nz/?p=586,http://hamiltoncomputerclub.org.nz/posts/586.html
http://hamiltoncomputerclub.org.nz/tag/python,/categories/python.html
http://hamiltoncomputerclub.org.nz/?p=581,http://hamiltoncomputerclub.org.nz/posts/581.html
http://hamiltoncomputerclub.org.nz/tag/security,/categories/security.html
http://hamiltoncomputerclub.org.nz/tag/magazines,/categories/magazines.html
http://hamiltoncomputerclub.org.nz/new-website-blogs/,http://hamiltoncomputerclub.org.nz/posts/new-website-blogs.html
